{
  "name": "N32g031_edie_demo_gcc",
  "type": "ARM",
  "dependenceList": [],
  "srcDirs": [],
  "virtualFolder": {
    "name": "<virtual_root>",
    "files": [],
    "folders": [
      {
        "name": "bsp",
        "files": [
          {
            "path": "bsp/src/log.c"
          },
          {
            "path": "bsp/src/print_remap.c"
          }
        ],
        "folders": []
      },
      {
        "name": "SRC",
        "files": [
          {
            "path": "examples/GPIO/LedBlink/src/main.c"
          },
          {
            "path": "examples/GPIO/LedBlink/src/n32g031_it.c"
          }
        ],
        "folders": []
      },
      {
        "name": "Startup",
        "files": [
          {
            "path": "CMSIS/device/startup/startup_n32g031_gcc.s"
          }
        ],
        "folders": []
      },
      {
        "name": "Driver",
        "files": [
          {
            "path": "n32g031_std_periph_driver/src/misc.c"
          },
          {
            "path": "n32g031_std_periph_driver/src/n32g031_adc.c"
          },
          {
            "path": "n32g031_std_periph_driver/src/n32g031_beeper.c"
          },
          {
            "path": "n32g031_std_periph_driver/src/n32g031_comp.c"
          },
          {
            "path": "n32g031_std_periph_driver/src/n32g031_crc.c"
          },
          {
            "path": "n32g031_std_periph_driver/src/n32g031_dbg.c"
          },
          {
            "path": "n32g031_std_periph_driver/src/n32g031_dma.c"
          },
          {
            "path": "n32g031_std_periph_driver/src/n32g031_exti.c"
          },
          {
            "path": "n32g031_std_periph_driver/src/n32g031_flash.c"
          },
          {
            "path": "n32g031_std_periph_driver/src/n32g031_gpio.c"
          },
          {
            "path": "n32g031_std_periph_driver/src/n32g031_hdiv.c"
          },
          {
            "path": "n32g031_std_periph_driver/src/n32g031_i2c.c"
          },
          {
            "path": "n32g031_std_periph_driver/src/n32g031_iwdg.c"
          },
          {
            "path": "n32g031_std_periph_driver/src/n32g031_lptim.c"
          },
          {
            "path": "n32g031_std_periph_driver/src/n32g031_lpuart.c"
          },
          {
            "path": "n32g031_std_periph_driver/src/n32g031_opamp.c"
          },
          {
            "path": "n32g031_std_periph_driver/src/n32g031_pwr.c"
          },
          {
            "path": "n32g031_std_periph_driver/src/n32g031_rcc.c"
          },
          {
            "path": "n32g031_std_periph_driver/src/n32g031_rtc.c"
          },
          {
            "path": "n32g031_std_periph_driver/src/n32g031_spi.c"
          },
          {
            "path": "n32g031_std_periph_driver/src/n32g031_sqrt.c"
          },
          {
            "path": "n32g031_std_periph_driver/src/n32g031_tim.c"
          },
          {
            "path": "n32g031_std_periph_driver/src/n32g031_usart.c"
          },
          {
            "path": "n32g031_std_periph_driver/src/n32g031_wwdg.c"
          }
        ],
        "folders": []
      },
      {
        "name": "Core",
        "files": [
          {
            "path": "CMSIS/device/system_n32g031.c"
          }
        ],
        "folders": []
      }
    ]
  },
  "outDir": "build",
  "deviceName": "N32G031C8",
  "packDir": ".pack/Nationstech/N32G031_DFP.1.0.0",
  "miscInfo": {
    "uid": "aff531e402e28732cfd7e6e0822886ed"
  },
  "targets": {
    "Debug": {
      "excludeList": [],
      "toolchain": "GCC",
      "compileConfig": {
        "cpuType": "Cortex-M0",
        "floatingPointHardware": "none",
        "scatterFilePath": "n32g031_flash.lds",
        "useCustomScatterFile": true,
        "storageLayout": {
          "RAM": [],
          "ROM": []
        },
        "options": "null"
      },
      "uploader": "JLink",
      "uploadConfig": {
        "bin": "",
        "baseAddr": "",
        "cpuInfo": {
          "vendor": "null",
          "cpuName": "null"
        },
        "proType": 1,
        "speed": 8000,
        "otherCmds": ""
      },
      "uploadConfigMap": {},
      "custom_dep": {
        "name": "default",
        "incList": [
          "bsp/src",
          "examples/GPIO/LedBlink/src",
          "bsp/inc",
          "examples/GPIO/LedBlink/inc",
          "CMSIS/core",
          "CMSIS/device/startup",
          "CMSIS/device",
          "n32g031_std_periph_driver/src",
          "n32g031_std_periph_driver/inc"
        ],
        "libList": [],
        "defineList": [
          "N32G031",
          "USE_STDPERIPH_DRIVER"
        ]
      },
      "builderOptions": {
        "GCC": {
          "version": 5,
          "beforeBuildTasks": [],
          "afterBuildTasks": [],
          "global": {
            "$float-abi-type": "softfp",
            "output-debug-info": "enable",
            "misc-control": "--specs=nosys.specs --specs=nano.specs"
          },
          "c/cpp-compiler": {
            "language-c": "c11",
            "language-cpp": "c++11",
            "optimization": "level-debug",
            "warnings": "all-warnings",
            "one-elf-section-per-function": true,
            "one-elf-section-per-data": true,
            "C_FLAGS": "",
            "CXX_FLAGS": ""
          },
          "asm-compiler": {
            "ASM_FLAGS": ""
          },
          "linker": {
            "output-format": "elf",
            "remove-unused-input-sections": true,
            "LD_FLAGS": "",
            "LIB_FLAGS": "-lm"
          }
        }
      }
    }
  },
  "version": "3.5"
}